[
  {
    "date": "Wednesday, October 25 2023",
    "city": "Tampa, FL",
    "venue": "The Ritz",
    "ticketLink": "https://www.etix.com/ticket/p/6199505/lil-darkie-and-the-collapse-of-modern-society-tampa-the-ritz-fyf"
  },
  {
    "date": "Friday, October 27 2023",
    "city": "Atlanta, GA",
    "venue": "The Eastern",
    "ticketLink": "https://www.axs.com/events/488827/lil-darkie-tickets"
  },
  {
    "date": "Saturday, October 28 2023",
    "city": "Raleigh, NC",
    "venue": "The Ritz",
    "ticketLink": "https://www.ticketmaster.com/event/2D005EC60FBBABC9"
  },
  {
    "date": "Monday, October 30 2023",
    "city": "Philadelphia, PA",
    "venue": "TLA",
    "ticketLink": "https://www.ticketmaster.com/event/02005EC5ADE524B9"
  },
  {
    "date": "Wednesday, November 1 2023",
    "city": "Silver Spring, MD",
    "venue": "The Fillmore",
    "ticketLink": "https://www.ticketmaster.com/event/15005EC795D52384"
  },
  {
    "date": "Friday, November 3 2023",
    "city": "Brooklyn, NY",
    "venue": "Warsaw",
    "ticketLink": "https://www.ticketmaster.com/event/00005EC8FBFA8A1C"
  },
  {
    "date": "Saturday, November 4 2023",
    "city": "Boston, MA",
    "venue": "Big Night Live",
    "ticketLink": "https://www.ticketmaster.com/event/01005EC13118A2D2"
  },
  {
    "date": "Tuesday, November 7 2023",
    "city": "Toronto, ON",
    "venue": "Danforth",
    "ticketLink": "https://www.ticketmaster.ca/event/10005EC5B04E1A12"
  },
  {
    "date": "Wednesday, November 8 2023",
    "city": "Cleveland, OH",
    "venue": "House of Blues",
    "ticketLink": "https://www.ticketmaster.com/event/05005EC1D5015422"
  },
  {
    "date": "Friday, November 10 2023",
    "city": "Detroit, MI",
    "venue": "The Fillmore",
    "ticketLink": "https://www.ticketmaster.com/event/08005EC1B62F326E"
  },
  {
    "date": "Saturday, November 11 2023",
    "city": "Cincinnati, OH",
    "venue": "Bogarts",
    "ticketLink": "https://www.ticketmaster.com/event/16005EC8F98E495E"
  },
  {
    "date": "Tuesday, November 14 2023",
    "city": "St. Louis, MO",
    "venue": "Pops",
    "ticketLink": "https://www.ticketweb.com/event/lil-darkie-and-the-collapse-pops-concert-venue-tickets/13297908?pl=popsMJ"
  },
  {
    "date": "Wednesday, November 15 2023",
    "city": "Chicago, IL",
    "venue": "Riviera Theatre",
    "ticketLink": "https://www.axs.com/events/489439/lil-darkie-and-the-collapse-of-modern-society-tickets"
  },
  {
    "date": "Friday, November 17 2023",
    "city": "Minneapolis, MN",
    "venue": "The Fillmore",
    "ticketLink": "https://www.ticketmaster.com/event/06005EC6EEFB7F5D"
  },
  {
    "date": "Saturday, November 18 2023",
    "city": "Des Moines, IA",
    "venue": "Wooly's",
    "ticketLink": "https://www.axs.com/events/489484/lil-darkie-and-the-collapse-of-modern-society-tickets"
  },
  {
    "date": "Tuesday, November 21 2023",
    "city": "Lawrence, KS",
    "venue": "The Granada",
    "ticketLink": "https://www.etix.com/ticket/p/5260019/lil-darkie-and-the-collapse-of-modern-society-lawrence-the-granada"
  },
  {
    "date": "Friday, November 24 2023",
    "city": "Denver, CO",
    "venue": "The Fillmore",
    "ticketLink": "https://www.ticketmaster.com/event/1E005EC6DA7E5001"
  },
  {
    "date": "Saturday, November 25 2023",
    "city": "Salt Lake City, UT",
    "venue": "The Complex",
    "ticketLink": "https://tickets.thecomplexslc.com/event/lil-darkie-23/"
  },
  {
    "date": "Tuesday, November 28 2023",
    "city": "Seattle, WA",
    "venue": "Showbox Sodo",
    "ticketLink": "https://www.axs.com/events/489092/lil-darkie-tickets?skin=showboxpresents"
  },
  {
    "date": "Wednesday, November 29 2023",
    "city": "Portland, OR",
    "venue": "Roseland Theater",
    "ticketLink": "https://www.etix.com/ticket/p/8386140/lil-darkie-and-the-collapse-of-modern-society-portland-roseland-theater"
  },
  {
    "date": "Friday, December 1 2023",
    "city": "Sacramento, CA",
    "venue": "Ace of Spades",
    "ticketLink": "https://www.ticketmaster.com/event/1C005EC67C23174F"
  },
  {
    "date": "Saturday, December 2 2023",
    "city": "Los Angeles, CA",
    "venue": "The Novo",
    "ticketLink": "https://www.axs.com/events/489534/lil-darkie-tickets"
  },
  {
    "date": "Tuesday, December 5 2023",
    "city": "Phoenix, AZ",
    "venue": "Marquee",
    "ticketLink": "https://www.seetickets.us/event/Lil-Darkie/554455"
  },
  {
    "date": "Wednesday, December 6 2023",
    "city": "Albuquerque, NM",
    "venue": "Revel",
    "ticketLink": "https://www.prekindle.com/promo/id/532452769765218608"
  },
  {
    "date": "Friday, December 8 2023",
    "city": "San Antonio, TX",
    "venue": "Aztec Theatre",
    "ticketLink": "https://www.ticketmaster.com/event/3A005EC7DED96AAF"
  },
  {
    "date": "Saturday, December 9 2023",
    "city": "Houston, TX",
    "venue": "White Oak Music Hall",
    "ticketLink": "https://www.ticketmaster.com/event/3A005EC5949C1E5A"
  },
  {
    "date": "Tuesday, December 12 2023",
    "city": "New Orleans, LA",
    "venue": "House of Blues",
    "ticketLink": "https://www.ticketmaster.com/event/1B005EC409935FC6"
  },
  {
    "date": "Friday, December 15 2023",
    "city": "Orlando, FL",
    "venue": "The Beacham",
    "ticketLink": "https://tkx.live/events/lil-darkie-collapse-of-society/"
  },
  {
    "date": "Saturday, December 16 2023",
    "city": "Fort Lauderdale, FL",
    "venue": "Revolution",
    "ticketLink": "https://www.ticketmaster.com/event/0D005EC6DD8ED578"
  }
]
