[
  {
    "date": "Wednesday, June 14 2023",
    "city": "Santa Ana, California",
    "venue": "The Observatory",
    "ticketLink": "https://concerts.livenation.com/lil-darkie-santa-ana-california-06-14-2023/event/09005D5BF2CF7FF5"
  },
  {
    "date": "Friday, June 16 2023",
    "city": "Anchorage, Alaska",
    "venue": "Festival Set @ Sundown Solstice Festival",
    "ticketLink": "https://www.tixr.com/groups/showdownalaska/events/sundown-solstice-festival-57697"
  },
  {
    "date": "Sunday, June 25 2023",
    "city": "Dallas, Texas",
    "venue": "Festival Set @ So What Festival",
    "ticketLink": "https://wl.seetickets.us/wafform.aspx?_act=eventtickets&_pky=529378&afflky=SoWhatMusicFestival"
  },
  {
    "date": "Tuesday, July 11 2023",
    "city": "Buffalo, New York",
    "venue": "Rec Room",
    "ticketLink": "https://www.ticketweb.com/event/lil-darkie-rec-room-tickets/13205048"
  }
]
